{
  "target": "yield_kg_per_ha",
  "data_path": "data/interim/paper_panel_v3.parquet",
  "data_md5_12": "7f2070282216",
  "n_rows": 403,
  "n_features": 11,
  "feature_cols_lower": [
    "irr",
    "flood",
    "sun",
    "temp",
    "spei",
    "prec",
    "mech",
    "fert",
    "drou_a",
    "flood_a",
    "ndvi"
  ],
  "feature_cols_training": [
    "Irr",
    "Flood_R",
    "Sun",
    "Temp",
    "SPEI",
    "Prec",
    "Mech",
    "Fert",
    "Drou_A",
    "Flood_A",
    "NDVI"
  ],
  "timesteps": 1,
  "seeds": [
    0,
    1,
    2,
    3,
    4,
    5,
    6,
    7,
    8,
    9
  ],
  "architecture": "Attention(feature-gating) → LSTM(64) → LSTM(32) → Dropout(0.2) → Dense(1)",
  "attention_layer": "feature_attention",
  "hyper": {
    "timesteps": 1,
    "lstm_units": [
      64,
      32
    ],
    "dropout": 0.2,
    "batch_size": 16,
    "epochs": 100,
    "lr": 0.001,
    "early_stop_patience": 10
  },
  "per_seed": [
    {
      "seed": 0,
      "tr_r2": 0.8443358540534973,
      "tr_rmse_kg_per_ha": 417.20391845703125,
      "te_r2": 0.8009123802185059,
      "te_rmse_kg_per_ha": 463.0832824707031,
      "epochs_run": 100,
      "attn_train_mean": [
        0.06513432413339615,
        0.08338333666324615,
        0.08491653203964233,
        0.10191234946250916,
        0.1553879678249359,
        0.08913514763116837,
        0.07042593508958817,
        0.08217008411884308,
        0.05911438539624214,
        0.09600578993558884,
        0.11241411417722702
      ]
    },
    {
      "seed": 1,
      "tr_r2": 0.8744716644287109,
      "tr_rmse_kg_per_ha": 379.6947937011719,
      "te_r2": 0.7361771464347839,
      "te_rmse_kg_per_ha": 502.9725341796875,
      "epochs_run": 100,
      "attn_train_mean": [
        0.08841481804847717,
        0.1300683170557022,
        0.06837592273950577,
        0.09604334086179733,
        0.05235864594578743,
        0.08152814209461212,
        0.14809590578079224,
        0.07966525107622147,
        0.1047205924987793,
        0.050864070653915405,
        0.09986484050750732
      ]
    },
    {
      "seed": 2,
      "tr_r2": 0.7174227237701416,
      "tr_rmse_kg_per_ha": 553.2512817382812,
      "te_r2": 0.73378586769104,
      "te_rmse_kg_per_ha": 569.446044921875,
      "epochs_run": 34,
      "attn_train_mean": [
        0.062021754682064056,
        0.0731060653924942,
        0.10905051231384277,
        0.14460933208465576,
        0.08272885531187057,
        0.09064657986164093,
        0.09277564287185669,
        0.11213456839323044,
        0.0613299235701561,
        0.09255356341600418,
        0.0790431872010231
      ]
    },
    {
      "seed": 3,
      "tr_r2": 0.9028078317642212,
      "tr_rmse_kg_per_ha": 325.9156494140625,
      "te_r2": 0.8907983899116516,
      "te_rmse_kg_per_ha": 358.1669616699219,
      "epochs_run": 100,
      "attn_train_mean": [
        0.0702829658985138,
        0.05284237861633301,
        0.11664184182882309,
        0.11976208537817001,
        0.07591269165277481,
        0.06686636060476303,
        0.11647222936153412,
        0.07193417102098465,
        0.05565657466650009,
        0.09439314156770706,
        0.15923546254634857
      ]
    },
    {
      "seed": 4,
      "tr_r2": 0.8951117396354675,
      "tr_rmse_kg_per_ha": 340.23260498046875,
      "te_r2": 0.8237819075584412,
      "te_rmse_kg_per_ha": 447.16754150390625,
      "epochs_run": 100,
      "attn_train_mean": [
        0.08294712007045746,
        0.037699464708566666,
        0.06622656434774399,
        0.09483271092176437,
        0.1478235274553299,
        0.052068471908569336,
        0.07901608198881149,
        0.05333898216485977,
        0.20916233956813812,
        0.08268146961927414,
        0.09420324116945267
      ]
    },
    {
      "seed": 5,
      "tr_r2": 0.901168704032898,
      "tr_rmse_kg_per_ha": 325.96502685546875,
      "te_r2": 0.8903793692588806,
      "te_rmse_kg_per_ha": 370.2602844238281,
      "epochs_run": 100,
      "attn_train_mean": [
        0.07641056925058365,
        0.12921760976314545,
        0.06511273980140686,
        0.08702272921800613,
        0.054680224508047104,
        0.07583015412092209,
        0.1397397667169571,
        0.08032815903425217,
        0.08716627955436707,
        0.09736655652523041,
        0.10712526738643646
      ]
    },
    {
      "seed": 6,
      "tr_r2": 0.8575871586799622,
      "tr_rmse_kg_per_ha": 397.94482421875,
      "te_r2": 0.8322734236717224,
      "te_rmse_kg_per_ha": 429.3945617675781,
      "epochs_run": 100,
      "attn_train_mean": [
        0.07924629002809525,
        0.11425544321537018,
        0.06841915100812912,
        0.09217735379934311,
        0.04504885897040367,
        0.14513671398162842,
        0.12606510519981384,
        0.05472400784492493,
        0.06740113347768784,
        0.12636807560920715,
        0.08115793019533157
      ]
    },
    {
      "seed": 7,
      "tr_r2": 0.8366411924362183,
      "tr_rmse_kg_per_ha": 414.75439453125,
      "te_r2": 0.8077946901321411,
      "te_rmse_kg_per_ha": 506.6164855957031,
      "epochs_run": 100,
      "attn_train_mean": [
        0.03761322796344757,
        0.052872877568006516,
        0.1459973305463791,
        0.11519390344619751,
        0.05665105581283569,
        0.1000150591135025,
        0.11541973054409027,
        0.09540025144815445,
        0.09982801973819733,
        0.1157665103673935,
        0.0652419701218605
      ]
    },
    {
      "seed": 8,
      "tr_r2": 0.8800621628761292,
      "tr_rmse_kg_per_ha": 356.8587646484375,
      "te_r2": 0.8329020142555237,
      "te_rmse_kg_per_ha": 464.6631774902344,
      "epochs_run": 100,
      "attn_train_mean": [
        0.0950389951467514,
        0.031070750206708908,
        0.06749598681926727,
        0.0735524371266365,
        0.0711904913187027,
        0.06765485554933548,
        0.08292799443006516,
        0.15511862933635712,
        0.08958414942026138,
        0.1813332438468933,
        0.08503253012895584
      ]
    },
    {
      "seed": 9,
      "tr_r2": 0.9072510600090027,
      "tr_rmse_kg_per_ha": 321.2503356933594,
      "te_r2": 0.8113365173339844,
      "te_rmse_kg_per_ha": 452.33209228515625,
      "epochs_run": 100,
      "attn_train_mean": [
        0.07553920894861221,
        0.16471712291240692,
        0.10875784605741501,
        0.0969490334391594,
        0.07739635556936264,
        0.07782486826181412,
        0.059041254222393036,
        0.05582460016012192,
        0.05508355423808098,
        0.10067230463027954,
        0.1281939148902893
      ]
    }
  ],
  "summary": {
    "test_r2_mean": 0.8160141706466675,
    "test_r2_std": 0.05018536752847126,
    "test_r2_min": 0.73378586769104,
    "test_r2_max": 0.8907983899116516,
    "test_rmse_kg_per_ha_mean": 456.41029663085936,
    "test_rmse_kg_per_ha_std": 59.56837266610409,
    "train_r2_mean": 0.8616860091686249,
    "train_r2_std": 0.053573746952346235,
    "attn_grand_mean": {
      "Irr": 0.07326492741703987,
      "Flood_R": 0.08692333661019802,
      "Sun": 0.09009944275021553,
      "Temp": 0.10220552757382392,
      "SPEI": 0.08191786743700505,
      "Prec": 0.08467063531279564,
      "Mech": 0.10299796462059022,
      "Fert": 0.08406387045979499,
      "Drou_A": 0.08890469521284103,
      "Flood_A": 0.10380047261714935,
      "NDVI": 0.10115124583244324
    },
    "attn_grand_std": {
      "Irr": 0.015233744107299881,
      "Flood_R": 0.043030346423342095,
      "Sun": 0.026852051435793667,
      "Temp": 0.018833858204104215,
      "SPEI": 0.036779103443943494,
      "Prec": 0.02398242212574242,
      "Mech": 0.028857049621182036,
      "Fert": 0.02958306692849987,
      "Drou_A": 0.04381139948993145,
      "Flood_A": 0.031998463951632604,
      "NDVI": 0.0259910387056396
    },
    "attn_top3": [
      "Flood_A",
      "Mech",
      "Temp"
    ]
  },
  "representative_seed": 4,
  "declared_r2_target": 0.62,
  "passed": true
}