{
  "loss": [
    0.9522523283958435,
    0.9433483481407166,
    0.9293561577796936,
    0.903891384601593,
    0.8599098920822144,
    0.7876666784286499,
    0.6937867999076843,
    0.6019747257232666,
    0.5461773872375488,
    0.5114151239395142,
    0.5011777281761169,
    0.4867671728134155,
    0.4631088078022003,
    0.4483773112297058,
    0.438048392534256,
    0.4203137159347534,
    0.4041646122932434,
    0.38774412870407104,
    0.37296152114868164,
    0.35282260179519653,
    0.3481557071208954,
    0.3265039920806885,
    0.3057515025138855,
    0.29029032588005066,
    0.28720739483833313,
    0.27594807744026184,
    0.2588844895362854,
    0.2541106939315796,
    0.2503531277179718,
    0.25028371810913086,
    0.24120445549488068,
    0.24171645939350128,
    0.22559578716754913,
    0.2134186029434204,
    0.21706652641296387,
    0.21866749227046967,
    0.2056846022605896,
    0.20445242524147034,
    0.204636812210083,
    0.211877703666687,
    0.2012249380350113,
    0.19510294497013092,
    0.1919766068458557,
    0.19556118547916412,
    0.1900647133588791,
    0.19472849369049072,
    0.19001729786396027,
    0.18467111885547638,
    0.17799949645996094,
    0.17285959422588348,
    0.17397043108940125,
    0.17630912363529205,
    0.17584137618541718,
    0.1707305908203125,
    0.17082065343856812,
    0.16176307201385498,
    0.16195566952228546,
    0.1581190973520279,
    0.16573359072208405,
    0.1567738950252533,
    0.1652263104915619,
    0.1513538658618927,
    0.15228073298931122,
    0.1516445279121399,
    0.14666365087032318,
    0.152685284614563,
    0.15472544729709625,
    0.14779618382453918,
    0.14518408477306366,
    0.14347101747989655,
    0.14714275300502777,
    0.14325076341629028,
    0.13277004659175873,
    0.14333495497703552,
    0.1303231418132782,
    0.1279611438512802,
    0.14041222631931305,
    0.12750741839408875,
    0.12715089321136475,
    0.13275472819805145,
    0.13030485808849335,
    0.12851488590240479,
    0.1258661299943924,
    0.12848161160945892,
    0.12357337027788162,
    0.12613284587860107,
    0.12161910533905029,
    0.1217176616191864,
    0.12254253029823303,
    0.1179569661617279,
    0.12515601515769958,
    0.12358671426773071,
    0.11768752336502075,
    0.11840080469846725,
    0.11591652780771255,
    0.11959345638751984,
    0.12447728961706161,
    0.11048391461372375,
    0.11071794480085373,
    0.10859263688325882
  ],
  "val_loss": [
    1.1786092519760132,
    1.1680797338485718,
    1.1479166746139526,
    1.1085128784179688,
    1.0389550924301147,
    0.9350897073745728,
    0.8169214725494385,
    0.7140827775001526,
    0.6467911601066589,
    0.6077154278755188,
    0.586519181728363,
    0.5660584568977356,
    0.546406090259552,
    0.5250728726387024,
    0.5028665661811829,
    0.47829487919807434,
    0.4527023136615753,
    0.4247845411300659,
    0.3981653153896332,
    0.3710050582885742,
    0.34983140230178833,
    0.3263137638568878,
    0.30094608664512634,
    0.282977819442749,
    0.27011656761169434,
    0.2600556015968323,
    0.2510538101196289,
    0.24677936732769012,
    0.2437531054019928,
    0.2411833256483078,
    0.23731645941734314,
    0.2363216131925583,
    0.22565889358520508,
    0.22022710740566254,
    0.22066046297550201,
    0.2166765034198761,
    0.21201375126838684,
    0.21040752530097961,
    0.21334236860275269,
    0.21557028591632843,
    0.2082228660583496,
    0.20792260766029358,
    0.20048657059669495,
    0.1997077912092209,
    0.1972600519657135,
    0.18981438875198364,
    0.19257783889770508,
    0.18865428864955902,
    0.18799574673175812,
    0.18461492657661438,
    0.1789640337228775,
    0.17711859941482544,
    0.17302708327770233,
    0.17077194154262543,
    0.1694086641073227,
    0.16202403604984283,
    0.15920966863632202,
    0.15963292121887207,
    0.1589982956647873,
    0.16066646575927734,
    0.16452433168888092,
    0.15765634179115295,
    0.15845561027526855,
    0.1553061455488205,
    0.15048354864120483,
    0.14800631999969482,
    0.1450987458229065,
    0.144314244389534,
    0.1495177000761032,
    0.14816129207611084,
    0.1424177587032318,
    0.14077810943126678,
    0.13243529200553894,
    0.13484324514865875,
    0.13331350684165955,
    0.13539950549602509,
    0.1322154849767685,
    0.13092157244682312,
    0.12684637308120728,
    0.12946286797523499,
    0.12959642708301544,
    0.12969230115413666,
    0.13068053126335144,
    0.12384555488824844,
    0.12279849499464035,
    0.12465547770261765,
    0.1217513382434845,
    0.12113485485315323,
    0.12235749512910843,
    0.12071115523576736,
    0.11729586124420166,
    0.11947225779294968,
    0.1193426251411438,
    0.115961454808712,
    0.11655814945697784,
    0.11249776929616928,
    0.11474312096834183,
    0.11545562744140625,
    0.10968896746635437,
    0.11194143444299698
  ]
}