{
  "loss": [
    0.973368763923645,
    0.9103921055793762,
    0.8286095857620239,
    0.7311927080154419,
    0.6518336534500122,
    0.5931100249290466,
    0.5294498801231384,
    0.46422383189201355,
    0.4272989332675934,
    0.38479703664779663,
    0.32539933919906616,
    0.29540112614631653,
    0.26671531796455383,
    0.2388872653245926,
    0.24195417761802673,
    0.21803955733776093,
    0.20480236411094666,
    0.18777497112751007,
    0.1827680468559265,
    0.18713761866092682,
    0.17972731590270996,
    0.17220564186573029,
    0.1572800725698471,
    0.1605188548564911,
    0.15134437382221222,
    0.1487005054950714,
    0.14287294447422028,
    0.13337956368923187,
    0.1355239599943161,
    0.13415059447288513,
    0.13435734808444977,
    0.1340159773826599,
    0.12146944552659988,
    0.11999785155057907,
    0.1203262135386467,
    0.1151350811123848,
    0.1128690093755722,
    0.10794123262166977,
    0.11843231320381165,
    0.10597117990255356,
    0.10764966160058975,
    0.10413045436143875,
    0.09766089171171188,
    0.10049153864383698,
    0.09210137277841568,
    0.10163823515176773,
    0.0975043922662735,
    0.09520072489976883,
    0.0976136103272438,
    0.08825017511844635,
    0.08475484699010849,
    0.08312280476093292,
    0.08041122555732727,
    0.085485078394413,
    0.09078259021043777,
    0.08126208931207657,
    0.07928715646266937,
    0.08066744357347488,
    0.08322054147720337,
    0.0768851712346077,
    0.08074474334716797,
    0.07898687571287155,
    0.08065300434827805,
    0.07745572179555893,
    0.07433618605136871,
    0.08164197206497192,
    0.08619362860918045,
    0.08745473623275757,
    0.0813693031668663,
    0.07216506451368332,
    0.0662187859416008,
    0.0660901814699173,
    0.06895065307617188,
    0.07106731832027435,
    0.06985641270875931,
    0.06531970202922821,
    0.07157471776008606,
    0.06097863242030144,
    0.06518876552581787,
    0.06509830802679062,
    0.06286469846963882,
    0.06496592611074448,
    0.06038380041718483,
    0.06664484739303589,
    0.06437013298273087,
    0.06325046718120575,
    0.05611510947346687
  ],
  "val_loss": [
    0.9979547262191772,
    0.953264594078064,
    0.9016932249069214,
    0.8585523366928101,
    0.8194018602371216,
    0.7587243318557739,
    0.6886244416236877,
    0.6210335493087769,
    0.5536141395568848,
    0.4854183793067932,
    0.43734508752822876,
    0.39450907707214355,
    0.3722672760486603,
    0.35788866877555847,
    0.3472845256328583,
    0.3443480134010315,
    0.3351573050022125,
    0.33819347620010376,
    0.3335041403770447,
    0.3215011656284332,
    0.31899163126945496,
    0.31377798318862915,
    0.31207752227783203,
    0.3152857720851898,
    0.3164200782775879,
    0.30828678607940674,
    0.30186694860458374,
    0.3000093698501587,
    0.2934122085571289,
    0.28987741470336914,
    0.2774413824081421,
    0.2827267050743103,
    0.2770887017250061,
    0.26707231998443604,
    0.26679888367652893,
    0.2763988971710205,
    0.2574732005596161,
    0.26063212752342224,
    0.2664145827293396,
    0.26057252287864685,
    0.2495715469121933,
    0.2575055956840515,
    0.24196012318134308,
    0.26161083579063416,
    0.23717884719371796,
    0.24424563348293304,
    0.23524001240730286,
    0.23324821889400482,
    0.24682946503162384,
    0.23178832232952118,
    0.23857535421848297,
    0.2388957142829895,
    0.21684345602989197,
    0.23292788863182068,
    0.23950417339801788,
    0.22009067237377167,
    0.22911107540130615,
    0.2296556532382965,
    0.22742269933223724,
    0.24784421920776367,
    0.21667559444904327,
    0.21203310787677765,
    0.23413477838039398,
    0.21018129587173462,
    0.22691534459590912,
    0.22927674651145935,
    0.20579731464385986,
    0.23222646117210388,
    0.22271986305713654,
    0.2291269600391388,
    0.22123953700065613,
    0.2184966802597046,
    0.20745645463466644,
    0.21726961433887482,
    0.22414183616638184,
    0.2302560806274414,
    0.20274297893047333,
    0.21655169129371643,
    0.22027482092380524,
    0.21281655132770538,
    0.21786442399024963,
    0.2100406140089035,
    0.22377920150756836,
    0.24463796615600586,
    0.21558785438537598,
    0.21157962083816528,
    0.2291087955236435
  ]
}