{
  "data": "data/interim/paper_panel_v3.parquet",
  "features": [
    "Irr",
    "Flood_R",
    "Sun",
    "Temp",
    "SPEI",
    "Prec",
    "Mech",
    "Fert",
    "Drou_A",
    "Flood_A",
    "NDVI"
  ],
  "xgb_mean_abs_shap": {
    "Irr": 164.6641845703125,
    "Flood_R": 11.8407621383667,
    "Sun": 54.229915618896484,
    "Temp": 214.25894165039062,
    "SPEI": 7.017826080322266,
    "Prec": 259.8326416015625,
    "Mech": 88.58001708984375,
    "Fert": 146.14556884765625,
    "Drou_A": 16.81369400024414,
    "Flood_A": 62.92373275756836,
    "NDVI": 455.89776611328125
  },
  "att_lstm_mean_attention": {
    "Irr": 0.08735485374927521,
    "Flood_R": 0.037993066012859344,
    "Sun": 0.06604737043380737,
    "Temp": 0.09610255807638168,
    "SPEI": 0.14598703384399414,
    "Prec": 0.052964042872190475,
    "Mech": 0.07838454842567444,
    "Fert": 0.05294862389564514,
    "Drou_A": 0.2051834762096405,
    "Flood_A": 0.0827937051653862,
    "NDVI": 0.09424090385437012
  },
  "xgb_top3": [
    "NDVI",
    "Prec",
    "Temp"
  ],
  "att_lstm_top3": [
    "Drou_A",
    "SPEI",
    "Temp"
  ],
  "top3_overlap": 1,
  "top5_overlap": 3,
  "spearman_rho": -0.05454545454545456,
  "spearman_pvalue": 0.8734465775233149,
  "kendall_tau": 0.018181818181818184,
  "kendall_pvalue": 1.0
}